Effect_Size,Salinity,Network
0.656,0.81375,n1
0.724,2.14375,n2
0.716,4.94625,n3
0.476,12.1325,n4
0.509,16.3125,n5
0.28,20.7625,n6
